{"stats":{"minecraft:killed":{"minecraft:cave_spider":1,"minecraft:pig":8,"creeperoverhaul:snowy_creeper":2,"minecraft:skeleton":4,"minecraft:sheep":2,"minecraft:zombie":9},"minecraft:killed_by":{"minecraft:zombie":7},"minecraft:picked_up":{"minecraft:wheat":2,"minecraft:crafting_table":6,"minecraft:leather_chestplate":1,"minecraft:glow_ink_sac":1,"minecraft:brown_wool":1,"minecraft:wooden_pickaxe":1,"biomesoplenty:fir_sapling":2,"biomesoplenty:fir_log":11,"minecraft:tuff":50,"minecraft:dirt":20,"minecraft:blue_bed":2,"minecraft:leather_boots":1,"minecraft:bone":4,"minecraft:cobbled_deepslate":105,"minecraft:raw_gold":6,"biomesoplenty:fir_planks":20,"minecraft:spruce_planks":73,"minecraft:stone_pickaxe":2,"minecraft:light_gray_wool":1,"minecraft:furnace":3,"minecraft:stick":3,"minecraft:raw_iron":52,"minecraft:smooth_basalt":1,"minecraft:stone":1,"minecraft:torch":8,"minecraft:gravel":1,"minecraft:dripstone_block":2,"minecraft:porkchop":34,"minecraft:pointed_dripstone":1,"minecraft:spruce_log":20,"minecraft:redstone":53,"minecraft:leather_helmet":1,"minecraft:bundle":1,"minecraft:arrow":3,"minecraft:rotten_flesh":11,"minecraft:diamond":6,"minecraft:stone_axe":2,"minecraft:blue_ice":1,"minecraft:mutton":4,"minecraft:coal":64,"minecraft:white_wool":4,"minecraft:cobblestone":130},"minecraft:mined":{"minecraft:deepslate_redstone_ore":11,"minecraft:tuff":52,"minecraft:deepslate_diamond_ore":6,"minecraft:sculk_vein":1,"minecraft:crafting_table":6,"minecraft:torch":2,"minecraft:grass_block":4,"minecraft:brown_wool":1,"minecraft:cobblestone":2,"minecraft:deepslate_gold_ore":6,"minecraft:sculk":4,"minecraft:wall_torch":3,"minecraft:blue_bed":1,"minecraft:furnace":2,"minecraft:iron_ore":37,"minecraft:ice":2,"minecraft:blue_ice":1,"minecraft:spruce_log":20,"biomesoplenty:fir_log":11,"minecraft:coal_ore":38,"minecraft:deepslate_iron_ore":15,"biomesoplenty:fir_leaves":6,"minecraft:gravel":1,"minecraft:dirt":17,"minecraft:smooth_basalt":1,"biomesoplenty:spider_egg":1,"minecraft:stone":92,"minecraft:deepslate":105,"minecraft:fern":2},"minecraft:used":{"minecraft:cooked_mutton":4,"minecraft:stone_pickaxe":104,"minecraft:wooden_pickaxe":34,"minecraft:leather_chestplate":1,"minecraft:stone":16,"minecraft:iron_sword":4,"minecraft:leather_boots":1,"minecraft:rotten_flesh":4,"minecraft:torch":6,"minecraft:dirt":20,"minecraft:crafting_table":8,"minecraft:wooden_axe":31,"minecraft:iron_axe":11,"minecraft:iron_pickaxe":243,"minecraft:bread":2,"minecraft:brown_wool":1,"minecraft:leather_helmet":1,"minecraft:stone_axe":42,"minecraft:light_gray_wool":1,"minecraft:cobblestone":5,"minecraft:furnace":2,"minecraft:cooked_porkchop":4,"biomesoplenty:fir_log":1,"minecraft:iron_leggings":1},"minecraft:dropped":{"minecraft:stone_axe":1,"biomesoplenty:fir_sapling":1,"minecraft:spruce_planks":1,"minecraft:wooden_axe":2,"minecraft:iron_leggings":1,"minecraft:stone_pickaxe":1,"minecraft:wooden_pickaxe":3},"minecraft:custom":{"minecraft:interact_with_furnace":15,"minecraft:mob_kills":26,"minecraft:interact_with_crafting_table":15,"minecraft:open_barrel":16,"minecraft:leave_game":1,"minecraft:time_since_death":27295,"minecraft:sleep_in_bed":1,"minecraft:time_since_rest":27319,"minecraft:sprint_one_cm":170210,"minecraft:damage_taken":3370,"minecraft:walk_one_cm":85335,"minecraft:drop":10,"minecraft:damage_dealt":3958,"minecraft:swim_one_cm":1387,"minecraft:fly_one_cm":488346,"minecraft:open_chest":2,"minecraft:crouch_one_cm":25506,"minecraft:play_time":138339,"minecraft:deaths":10,"minecraft:sneak_time":10360,"minecraft:walk_under_water_one_cm":877,"minecraft:jump":1208,"minecraft:walk_on_water_one_cm":6351,"minecraft:total_world_time":138339,"minecraft:fall_one_cm":39937},"minecraft:crafted":{"minecraft:cooked_porkchop":5,"minecraft:crafting_table":3,"minecraft:spruce_planks":88,"minecraft:wooden_pickaxe":2,"minecraft:furnace":2,"minecraft:stone_axe":2,"minecraft:cooked_mutton":4,"minecraft:air":0,"biomesoplenty:fir_planks":28,"minecraft:shield":1,"minecraft:iron_axe":1,"minecraft:stick":28,"minecraft:iron_ingot":14,"minecraft:iron_pickaxe":1,"minecraft:stone_pickaxe":2,"minecraft:wooden_axe":2,"minecraft:iron_leggings":1,"minecraft:torch":20}},"DataVersion":3465}