{"stats":{"minecraft:picked_up":{"minecraft:jungle_log":1,"minecraft:bamboo":2,"minecraft:oak_sapling":1},"minecraft:used":{"minecraft:jungle_planks":4},"minecraft:crafted":{"minecraft:jungle_planks":4},"minecraft:custom":{"minecraft:time_since_rest":14630,"minecraft:crouch_one_cm":172,"minecraft:play_time":14630,"minecraft:sprint_one_cm":4348,"minecraft:damage_taken":50,"minecraft:walk_one_cm":1806,"minecraft:sneak_time":202,"minecraft:drop":3,"minecraft:jump":46,"minecraft:leave_game":1,"minecraft:time_since_death":14630,"minecraft:total_world_time":14630,"minecraft:climb_one_cm":194,"minecraft:fall_one_cm":2757,"minecraft:fly_one_cm":49771},"minecraft:mined":{"minecraft:jungle_log":1,"minecraft:bamboo":1,"minecraft:oak_leaves":3},"minecraft:dropped":{"minecraft:bamboo":2,"minecraft:oak_sapling":1}},"DataVersion":3465}