{"stats":{"minecraft:killed":{"minecraft:cave_spider":1,"minecraft:spider":4,"creeperoverhaul:snowy_creeper":2,"minecraft:skeleton":12,"friendsandfoes:copper_golem":1,"minecraft:pig":8,"minecraft:sheep":6,"minecraft:zombie":15,"iceandfire:pixie":1,"minecraft:cow":10},"minecraft:custom":{"minecraft:mob_kills":60,"minecraft:interact_with_crafting_table":36,"minecraft:open_barrel":16,"minecraft:leave_game":6,"minecraft:time_since_death":73838,"minecraft:climb_one_cm":3,"minecraft:sprint_one_cm":535061,"minecraft:walk_one_cm":287165,"minecraft:damage_blocked_by_shield":10,"minecraft:drop":23,"minecraft:talked_to_villager":1,"minecraft:play_time":378853,"minecraft:deaths":14,"minecraft:sneak_time":18832,"minecraft:walk_under_water_one_cm":26364,"minecraft:jump":4004,"minecraft:interact_with_brewingstand":1,"minecraft:walk_on_water_one_cm":29674,"minecraft:total_world_time":378853,"minecraft:interact_with_furnace":35,"minecraft:sleep_in_bed":2,"minecraft:time_since_rest":73873,"minecraft:damage_taken":6332,"minecraft:damage_absorbed":40,"minecraft:damage_dealt":9864,"minecraft:swim_one_cm":41474,"minecraft:fly_one_cm":1537354,"minecraft:open_chest":42,"minecraft:crouch_one_cm":48618,"minecraft:interact_with_smoker":4,"minecraft:fall_one_cm":116690},"minecraft:broken":{"minecraft:iron_boots":1,"minecraft:iron_pickaxe":1},"minecraft:picked_up":{"biomesoplenty:redwood_log":2,"minecraft:crafting_table":9,"minecraft:wheat":20,"minecraft:ladder":3,"minecraft:wooden_pickaxe":1,"another_furniture:oak_chair":3,"minecraft:shield":3,"minecraft:polished_deepslate":1,"minecraft:string":9,"minecraft:soul_soil":1,"minecraft:iron_axe":4,"minecraft:flint_and_steel":1,"minecraft:white_carpet":1,"minecraft:cobbled_deepslate":441,"biomesoplenty:fir_planks":20,"minecraft:spruce_planks":244,"minecraft:beef":31,"minecraft:light_gray_wool":3,"minecraft:furnace":7,"minecraft:iron_boots":3,"iceandfire:pixie_dust":2,"minecraft:stick":7,"minecraft:raw_iron":79,"minecraft:stone":1,"minecraft:copper_ingot":8,"minecraft:torch":53,"minecraft:porkchop":34,"minecraft:pointed_dripstone":1,"minecraft:redstone":212,"minecraft:arrow":21,"minecraft:rotten_flesh":28,"minecraft:mutton":15,"minecraft:white_wool":11,"minecraft:cobblestone":436,"minecraft:leather_chestplate":2,"minecraft:lilac":1,"minecraft:oxidized_copper":1,"minecraft:glow_ink_sac":1,"minecraft:brown_wool":1,"minecraft:leather":18,"minecraft:potato":5,"biomesoplenty:fir_sapling":2,"biomesoplenty:fir_log":13,"minecraft:tuff":100,"minecraft:oak_log":42,"minecraft:paper":45,"minecraft:lapis_lazuli":111,"minecraft:dirt":80,"minecraft:blue_bed":3,"minecraft:leather_boots":3,"minecraft:red_carpet":2,"minecraft:bone":23,"minecraft:bow":1,"minecraft:wheat_seeds":40,"minecraft:raw_gold":63,"minecraft:cobbled_deepslate_slab":1,"minecraft:stone_pickaxe":2,"minecraft:oak_planks":33,"minecraft:book":18,"minecraft:smooth_basalt":3,"minecraft:sweet_berries":5,"minecraft:dripstone_block":2,"minecraft:gravel":1,"minecraft:sand":133,"minecraft:spruce_log":20,"minecraft:spider_eye":2,"minecraft:leather_helmet":3,"minecraft:bundle":4,"minecraft:diamond":19,"minecraft:stone_axe":2,"minecraft:iron_helmet":3,"minecraft:blue_ice":2,"minecraft:golden_apple":4,"minecraft:light_gray_carpet":1,"minecraft:coal":158,"iceandfire:raw_silver":4,"minecraft:diamond_pickaxe":3},"minecraft:used":{"minecraft:shield":1,"minecraft:stone":16,"minecraft:iron_sword":25,"minecraft:rotten_flesh":4,"minecraft:torch":25,"minecraft:dirt":40,"minecraft:glass":53,"minecraft:wooden_axe":31,"minecraft:iron_axe":129,"minecraft:iron_helmet":1,"minecraft:light_gray_wool":1,"minecraft:bow":1,"minecraft:golden_carrot":6,"minecraft:sweet_berries":4,"minecraft:oxidized_copper":1,"minecraft:furnace":5,"minecraft:cooked_beef":10,"minecraft:cobbled_deepslate":88,"another_furniture:oak_drawer":2,"minecraft:iron_leggings":1,"minecraft:cooked_mutton":11,"minecraft:stone_pickaxe":104,"minecraft:oak_planks":134,"minecraft:wooden_pickaxe":34,"minecraft:leather_chestplate":1,"minecraft:leather_boots":1,"minecraft:diamond_axe":22,"another_furniture:oak_chair":9,"minecraft:golden_apple":1,"minecraft:sand":12,"another_furniture:oak_table":4,"minecraft:crafting_table":11,"minecraft:diamond_pickaxe":277,"minecraft:diamond_shovel":151,"minecraft:string":1,"minecraft:iron_pickaxe":249,"minecraft:bread":6,"minecraft:brown_wool":1,"minecraft:leather_helmet":1,"minecraft:stone_axe":42,"minecraft:diamond_sword":20,"minecraft:cobbled_deepslate_slab":8,"minecraft:cobblestone":145,"minecraft:cooked_porkchop":5,"biomesoplenty:fir_log":1},"minecraft:dropped":{"minecraft:copper_ingot":6,"minecraft:leather_helmet":1,"minecraft:red_carpet":2,"biomesoplenty:fir_sapling":1,"minecraft:dirt":4,"minecraft:wooden_axe":2,"minecraft:iron_leggings":1,"minecraft:iron_axe":1,"minecraft:stone_axe":1,"minecraft:light_gray_wool":1,"minecraft:light_gray_carpet":1,"minecraft:leather_chestplate":1,"biomesoplenty:fir_planks":8,"minecraft:spruce_planks":1,"minecraft:leather_boots":1,"minecraft:ladder":3,"minecraft:wooden_pickaxe":3,"minecraft:stone_pickaxe":1},"minecraft:killed_by":{"minecraft:zombie":8,"iceandfire:fire_dragon":1},"minecraft:mined":{"minecraft:tuff":52,"iceandfire:silver_ore":4,"minecraft:deepslate_diamond_ore":7,"minecraft:sculk_vein":2,"minecraft:ladder":3,"minecraft:cobbled_deepslate_slab":1,"minecraft:grass_block":51,"minecraft:brown_wool":1,"minecraft:soul_soil":1,"another_furniture:oak_chair":3,"minecraft:spawner":1,"minecraft:large_fern":1,"minecraft:smooth_stone":1,"minecraft:furnace":4,"minecraft:iron_ore":59,"minecraft:cobbled_deepslate":1,"minecraft:deepslate_lapis_ore":2,"biomesoplenty:sea_oats":7,"biomesoplenty:hanging_cobweb":1,"minecraft:polished_deepslate":1,"minecraft:potatoes":2,"minecraft:deepslate_iron_ore":20,"biomesoplenty:spider_egg":1,"minecraft:stone":277,"minecraft:tripwire":1,"minecraft:deepslate_redstone_ore":11,"minecraft:light_gray_carpet":1,"minecraft:glass_pane":1,"minecraft:crafting_table":8,"minecraft:torch":7,"minecraft:oxidized_copper":1,"minecraft:glass":1,"minecraft:tall_grass":1,"minecraft:cobblestone":15,"biomesoplenty:sprout":7,"minecraft:lapis_ore":3,"minecraft:deepslate_gold_ore":7,"minecraft:oak_planks":33,"minecraft:sculk":6,"minecraft:blue_bed":1,"minecraft:wall_torch":5,"minecraft:sweet_berry_bush":1,"minecraft:wheat":8,"minecraft:blue_ice":1,"minecraft:ice":2,"minecraft:lilac":1,"minecraft:white_carpet":1,"minecraft:spruce_log":20,"biomesoplenty:fir_log":13,"minecraft:grass":22,"biomesoplenty:clover":2,"minecraft:oak_log":42,"minecraft:coal_ore":58,"biomesoplenty:fir_leaves":7,"minecraft:gravel":1,"minecraft:sand":136,"minecraft:dirt":27,"biomesoplenty:stringy_cobweb":1,"minecraft:smooth_basalt":1,"minecraft:gold_ore":5,"minecraft:oak_leaves":1,"minecraft:deepslate":109,"minecraft:fern":2},"minecraft:crafted":{"hangglider:glider_framework":1,"minecraft:cobbled_deepslate_slab":12,"minecraft:oak_planks":168,"hangglider:hang_glider":1,"another_furniture:oak_table":6,"another_furniture:oak_chair":6,"minecraft:furnace":2,"minecraft:diamond_shovel":1,"hangglider:glider_wing":2,"minecraft:cooked_mutton":11,"minecraft:glass":46,"minecraft:bow":1,"minecraft:iron_axe":1,"minecraft:stone_pickaxe":2,"minecraft:chest":1,"minecraft:cooked_beef":12,"minecraft:oak_slab":6,"minecraft:diamond_sword":1,"sophisticatedbackpacks:backpack":1,"minecraft:cooked_porkchop":5,"minecraft:diamond_axe":1,"minecraft:crafting_table":5,"minecraft:spruce_planks":88,"biomesoplenty:redwood_planks":8,"minecraft:wooden_pickaxe":2,"minecraft:bucket":1,"minecraft:stone_axe":2,"minecraft:air":0,"biomesoplenty:fir_planks":36,"minecraft:diamond_pickaxe":1,"minecraft:shield":1,"minecraft:stick":56,"minecraft:iron_ingot":41,"minecraft:iron_pickaxe":1,"minecraft:wooden_axe":2,"minecraft:iron_leggings":1,"another_furniture:oak_drawer":2,"minecraft:torch":20}},"DataVersion":3465}