{"stats":{"minecraft:killed_by":{"the_silence:the_silence_principal":3,"john_mod_reborn:feral_baby_john_2":1,"sanitydim:rotting_stalker":3,"bwrtherain:vapor":2,"bwrtherain:spider_skull":1,"sanitydim:sneaking_terror":2,"minecraft:husk":1,"minecraft:player":4,"minecraft:spider":1,"apollyon:the_damned":2,"minecraft:skeleton":3,"john_mod_reborn:baby_john":1},"minecraft:killed":{"john_mod_reborn:baby_john":11,"john_mod_reborn:john":1,"minecraft:spider":7,"minecraft:skeleton":8,"minecraft:guardian":1,"minecraft:fox":3,"minecraft:chicken":1,"minecraft:axolotl":1,"minecraft:camel":1,"minecraft:pig":2,"minecraft:elder_guardian":2,"bwrtherain:spider_skull":2,"minecraft:creeper":4,"minecraft:zombie":17,"minecraft:stray":3,"apollyon:the_damned":3,"minecraft:cow":2,"minecraft:vindicator":1,"minecraft:zoglin":1,"minecraft:drowned":5,"minecraft:polar_bear":2,"john_mod_reborn:feral_baby_john_2":2,"john_mod_reborn:feral_baby_john_1":2},"minecraft:used":{"minecraft:polished_deepslate":26,"minecraft:diamond_hoe":1,"minecraft:chest":58,"minecraft:white_terracotta":4,"minecraft:iron_sword":151,"minecraft:green_terracotta":1,"minecraft:iron_chestplate":3,"minecraft:carrot":1,"minecraft:tuff":1,"minecraft:grass_block":1,"minecraft:iron_helmet":2,"minecraft:bow":7,"minecraft:oak_sapling":101,"minecraft:furnace":1,"minecraft:egg":17,"minecraft:diorite":7,"minecraft:cow_spawn_egg":1,"minecraft:stone_pickaxe":684,"minecraft:prismarine":3,"minecraft:oak_planks":328,"minecraft:wooden_pickaxe":58,"minecraft:leather_chestplate":1,"minecraft:glow_berries":8,"minecraft:mushroom_stew":53,"minecraft:light_gray_terracotta":5,"minecraft:dripstone_block":2,"minecraft:shears":4,"minecraft:birch_fence":25,"minecraft:red_sandstone":5,"minecraft:birch_slab":86,"minecraft:melon_slice":41,"minecraft:bread":8,"minecraft:gravel":1,"minecraft:golden_helmet":1,"minecraft:diamond_sword":163,"minecraft:chainmail_boots":5,"minecraft:andesite":5,"minecraft:oak_fence":30,"minecraft:bone_meal":2,"minecraft:oak_trapdoor":35,"minecraft:stone_sword":37,"minecraft:stone_shovel":6,"minecraft:spruce_planks":2,"minecraft:wooden_shovel":405,"minecraft:stone_hoe":39,"minecraft:oak_door":3,"minecraft:torch":24,"minecraft:dirt":316,"minecraft:spyglass":5,"minecraft:hopper":1,"minecraft:prismarine_bricks":5,"minecraft:granite":2,"minecraft:oak_fence_gate":3,"minecraft:dark_oak_planks":9,"minecraft:wooden_axe":161,"minecraft:rooted_dirt":1,"minecraft:iron_axe":648,"minecraft:oak_stairs":39,"minecraft:melon_seeds":9,"minecraft:golden_carrot":3,"minecraft:sniffer_spawn_egg":1,"minecraft:cooked_beef":3,"minecraft:cobbled_deepslate":6,"minecraft:pumpkin":5,"minecraft:powder_snow_bucket":1,"minecraft:brown_bed":1,"minecraft:wheat_seeds":86,"minecraft:water_bucket":13,"minecraft:snow_block":12,"minecraft:birch_boat":3,"minecraft:leather_boots":3,"minecraft:deepslate_bricks":3,"minecraft:oak_slab":1594,"minecraft:crafting_table":2,"minecraft:cod":1,"minecraft:dark_prismarine":5,"minecraft:oak_log":7,"minecraft:wooden_hoe":33,"minecraft:diamond_pickaxe":669,"minecraft:apple":4,"minecraft:diamond_shovel":148,"minecraft:iron_pickaxe":62,"minecraft:spruce_sapling":2,"minecraft:stone_axe":295,"minecraft:cobblestone":87,"minecraft:bucket":12,"minecraft:wither_rose":1},"minecraft:crafted":{"minecraft:oak_planks":1784,"minecraft:birch_slab":102,"minecraft:hopper":1,"minecraft:bow":1,"minecraft:melon_seeds":4,"minecraft:chest":12,"minecraft:stone_hoe":1,"minecraft:oak_fence":24,"minecraft:oak_slab":2058,"minecraft:wooden_shovel":5,"minecraft:crafting_table":1,"minecraft:spruce_planks":4,"minecraft:wooden_pickaxe":1,"minecraft:iron_helmet":1,"minecraft:birch_planks":128,"minecraft:wooden_hoe":1,"minecraft:diamond_pickaxe":1,"minecraft:shield":1,"minecraft:birch_fence":18,"minecraft:stick":100,"minecraft:iron_ingot":29,"minecraft:iron_pickaxe":1,"minecraft:stone_sword":1,"minecraft:snow_block":12,"minecraft:shears":1,"minecraft:oak_door":6,"minecraft:raw_iron":9,"minecraft:stone_shovel":1,"minecraft:furnace":1,"minecraft:oak_trapdoor":30,"minecraft:iron_axe":1,"minecraft:stone_pickaxe":8,"minecraft:dark_oak_planks":24,"minecraft:diamond_sword":1,"minecraft:iron_sword":2,"minecraft:bowl":12,"minecraft:stone_axe":4,"minecraft:bread":8,"minecraft:air":0,"minecraft:oak_fence_gate":1,"minecraft:oak_stairs":4,"minecraft:wooden_axe":3,"minecraft:iron_leggings":1,"minecraft:torch":28},"minecraft:dropped":{"minecraft:lapis_lazuli":2,"minecraft:oak_log":5,"minecraft:diamond":3,"minecraft:dark_oak_sapling":9,"minecraft:shaper_armor_trim_smithing_template":2,"minecraft:rooted_dirt":4,"minecraft:cod":1,"minecraft:dirt":42,"minecraft:snowball":44,"minecraft:amethyst_shard":11,"minecraft:bone_meal":1,"minecraft:iron_pickaxe":2,"minecraft:bone":3,"minecraft:oak_door":2,"minecraft:gravel":5,"minecraft:stone_axe":3,"minecraft:birch_sapling":3,"minecraft:rotten_flesh":2,"minecraft:tipped_arrow":2,"minecraft:beetroot_seeds":1,"minecraft:leather_boots":1,"minecraft:azalea":1,"minecraft:chest":2,"minecraft:arrow":4,"minecraft:water_bucket":1,"minecraft:enchanted_book":2,"minecraft:golden_boots":1,"minecraft:iron_ingot":1,"minecraft:golden_helmet":2,"minecraft:dripstone_block":8,"minecraft:diamond_leggings":2,"minecraft:iron_helmet":2,"minecraft:feather":1,"minecraft:cobblestone":61,"minecraft:amethyst_block":2,"john_mod_reborn:freed_spirit":1,"minecraft:granite":12,"minecraft:coal":15,"minecraft:mushroom_stew":2,"minecraft:stick":8,"minecraft:pufferfish":1,"minecraft:diorite":21,"minecraft:pumpkin":1,"minecraft:iron_axe":1,"minecraft:iron_shovel":1,"minecraft:spruce_sapling":4,"minecraft:smooth_basalt":10,"minecraft:polished_deepslate":1,"minecraft:snow_block":2,"minecraft:green_terracotta":1,"minecraft:raw_copper":27,"minecraft:light_gray_terracotta":4,"minecraft:raw_iron":6,"minecraft:polished_deepslate_slab":1,"minecraft:clay_ball":8,"minecraft:white_terracotta":2,"john_mod_reborn:immortalitygem":1,"minecraft:big_dripleaf":2,"minecraft:shield":1,"minecraft:powder_snow_bucket":1,"minecraft:spruce_planks":20,"minecraft:iron_chestplate":1,"minecraft:howl_pottery_sherd":12,"minecraft:andesite":7,"minecraft:golden_leggings":1,"minecraft:oak_sapling":1,"minecraft:wooden_shovel":1,"minecraft:spruce_log":4,"minecraft:raw_gold":3,"minecraft:calcite":3,"minecraft:terracotta":4},"minecraft:mined":{"minecraft:dark_oak_planks":9,"minecraft:spruce_planks":43,"minecraft:oak_sapling":26,"minecraft:farmland":3,"minecraft:grass_block":215,"minecraft:granite":88,"minecraft:budding_amethyst":6,"minecraft:red_sand":8,"minecraft:acacia_log":2,"minecraft:deepslate_bricks":6,"minecraft:bubble_coral_block":4,"minecraft:tube_coral_block":7,"minecraft:hopper":1,"minecraft:raw_iron_block":1,"minecraft:iron_ore":53,"minecraft:cobbled_deepslate":12,"minecraft:fire":6,"minecraft:pumpkin":10,"minecraft:deepslate_lapis_ore":1,"minecraft:dirt_path":1,"minecraft:oak_stairs":39,"minecraft:brain_coral_block":14,"minecraft:gray_terracotta":8,"minecraft:cyan_terracotta":12,"minecraft:dead_bubble_coral_block":1,"minecraft:melon_stem":3,"minecraft:orange_terracotta":5,"minecraft:powder_snow":10,"minecraft:clay":65,"minecraft:torch":4,"minecraft:light_gray_terracotta":8,"minecraft:calcite":50,"minecraft:melon":12,"minecraft:chest":66,"minecraft:cobblestone":37,"minecraft:prismarine":47,"minecraft:oak_planks":27,"minecraft:wall_torch":1,"minecraft:amethyst_block":64,"minecraft:deepslate_copper_ore":20,"minecraft:white_terracotta":30,"minecraft:blue_terracotta":7,"minecraft:birch_log":36,"minecraft:wheat":68,"minecraft:blue_ice":6,"minecraft:oak_log":445,"minecraft:oak_fence_gate":1,"minecraft:sand":65,"minecraft:dirt":73,"minecraft:smooth_basalt":22,"minecraft:oak_leaves":234,"minecraft:horn_coral_block":6,"minecraft:deepslate":36,"minecraft:yellow_terracotta":6,"minecraft:suspicious_gravel":39,"minecraft:dark_prismarine":39,"minecraft:diamond_ore":2,"minecraft:tuff":12,"the_knocker:deadcow":5,"minecraft:deepslate_diamond_ore":6,"minecraft:dark_oak_log":8,"minecraft:sea_lantern":27,"minecraft:spruce_fence":3,"minecraft:birch_slab":10,"minecraft:spruce_leaves":13,"minecraft:moss_block":56,"minecraft:rooted_dirt":14,"minecraft:sandstone":21,"minecraft:oak_trapdoor":7,"minecraft:furnace":1,"minecraft:raw_gold_block":1,"minecraft:red_sandstone":7,"minecraft:snow":21,"minecraft:suspicious_sand":1,"minecraft:andesite":62,"minecraft:green_terracotta":3,"minecraft:deepslate_iron_ore":10,"minecraft:packed_ice":23,"minecraft:stone":209,"minecraft:fire_coral_block":10,"minecraft:podzol":34,"minecraft:oak_slab":144,"minecraft:snow_block":23,"minecraft:oak_fence":38,"minecraft:crafting_table":2,"minecraft:emerald_ore":1,"minecraft:sponge":8,"minecraft:copper_ore":83,"minecraft:deepslate_coal_ore":12,"minecraft:dried_kelp_block":9,"minecraft:lapis_ore":4,"minecraft:deepslate_gold_ore":4,"minecraft:diorite":59,"minecraft:prismarine_bricks":35,"minecraft:spruce_stairs":1,"minecraft:dead_fire_coral_block":1,"minecraft:birch_planks":1,"minecraft:spruce_log":27,"minecraft:coal_ore":36,"minecraft:gravel":82,"minecraft:dripstone_block":35,"minecraft:terracotta":19,"minecraft:gold_ore":20,"minecraft:birch_fence":19},"minecraft:picked_up":{"minecraft:wooden_axe":1,"minecraft:seagrass":4,"minecraft:iron_chestplate":9,"minecraft:wheat":58,"minecraft:chainmail_boots":7,"minecraft:prismarine_shard":4,"minecraft:lead":1,"minecraft:diamond_sword":6,"minecraft:oak_stairs":39,"minecraft:brown_bed":1,"minecraft:wither_rose":2,"minecraft:potion":1,"minecraft:amethyst_block":91,"minecraft:cod_bucket":1,"minecraft:music_disc_cat":1,"minecraft:string":11,"minecraft:dead_tube_coral_block":15,"minecraft:raw_copper":450,"minecraft:iron_leggings":4,"minecraft:explorer_pottery_sherd":10,"minecraft:pufferfish":1,"john_mod_reborn:freed_spirit":6,"minecraft:sea_pickle":3,"minecraft:diamond_leggings":3,"minecraft:red_sand":31,"minecraft:cobbled_deepslate":64,"minecraft:bucket":3,"minecraft:spruce_planks":70,"minecraft:bubble_coral":1,"minecraft:calcite":57,"minecraft:wooden_shovel":15,"minecraft:iron_pickaxe":8,"minecraft:melon_slice":91,"minecraft:iron_boots":2,"minecraft:tipped_arrow":2,"minecraft:golden_helmet":4,"minecraft:stick":88,"minecraft:sheaf_pottery_sherd":3,"minecraft:big_dripleaf":6,"minecraft:oak_fence":40,"minecraft:torch":108,"minecraft:acacia_log":14,"minecraft:porkchop":4,"minecraft:pointed_dripstone":16,"minecraft:diorite":85,"minecraft:golden_chestplate":1,"minecraft:green_terracotta":4,"minecraft:shaper_armor_trim_smithing_template":2,"minecraft:cactus":2,"minecraft:rotten_flesh":29,"minecraft:salmon_bucket":1,"minecraft:tropical_fish":7,"minecraft:cyan_terracotta":11,"minecraft:white_terracotta":35,"minecraft:cod":5,"minecraft:snowball":185,"minecraft:cobblestone":395,"minecraft:sponge":13,"minecraft:birch_log":39,"minecraft:leather_chestplate":3,"minecraft:feather":6,"minecraft:cooked_beef":3,"minecraft:birch_slab":16,"minecraft:water_bucket":3,"minecraft:andesite":89,"minecraft:brown_wool":2,"minecraft:golden_leggings":2,"minecraft:powder_snow_bucket":1,"minecraft:flint":7,"minecraft:tuff":19,"minecraft:prismarine_bricks":35,"minecraft:lapis_lazuli":177,"minecraft:dirt":356,"minecraft:disc_fragment_5":3,"minecraft:leather_boots":5,"minecraft:bone":23,"minecraft:gray_terracotta":8,"minecraft:bow":7,"minecraft:wheat_seeds":159,"minecraft:small_dripleaf":8,"minecraft:raw_gold":42,"minecraft:moss_block":76,"minecraft:prismarine":84,"minecraft:oak_planks":88,"minecraft:stone_hoe":4,"minecraft:brain_coral":2,"minecraft:music_disc_13":1,"minecraft:axolotl_bucket":1,"minecraft:sand":97,"minecraft:ink_sac":5,"minecraft:dark_oak_log":17,"minecraft:dark_prismarine":50,"minecraft:light_gray_terracotta":21,"minecraft:blue_terracotta":15,"minecraft:diamond":18,"minecraft:spruce_boat":5,"minecraft:angler_pottery_sherd":4,"minecraft:writable_book":3,"minecraft:dead_brain_coral_block":23,"minecraft:granite":99,"minecraft:bone_meal":18,"minecraft:golden_apple":2,"minecraft:emerald":3,"minecraft:rooted_dirt":16,"minecraft:plenty_pottery_sherd":7,"minecraft:oak_sapling":175,"minecraft:oak_leaves":1,"minecraft:diamond_pickaxe":6,"minecraft:music_disc_5":1,"minecraft:shelter_pottery_sherd":5,"minecraft:crafting_table":1,"john_mod_reborn:immortalitygem":1,"minecraft:clay_ball":300,"minecraft:mourner_pottery_sherd":38,"minecraft:wooden_pickaxe":1,"minecraft:dead_horn_coral_block":12,"minecraft:shield":9,"minecraft:oak_trapdoor":7,"minecraft:iron_axe":21,"minecraft:iron_shovel":1,"minecraft:birch_fence":19,"minecraft:candle":3,"minecraft:beef":7,"minecraft:chest":78,"minecraft:birch_sapling":3,"minecraft:diamond_hoe":4,"minecraft:egg":12,"minecraft:dark_oak_sapling":9,"minecraft:raw_iron":86,"minecraft:sandstone":60,"minecraft:raw_gold_block":2,"minecraft:oak_door":1,"minecraft:bowl":5,"minecraft:music_disc_mellohi":1,"minecraft:amethyst_cluster":6,"minecraft:spruce_fence":3,"minecraft:trident":1,"minecraft:redstone":5,"minecraft:prismarine_crystals":107,"minecraft:dark_oak_planks":9,"minecraft:howl_pottery_sherd":9,"minecraft:arrow":23,"minecraft:beetroot_seeds":2,"minecraft:tube_coral_fan":2,"minecraft:shears":4,"minecraft:deepslate_bricks":6,"minecraft:yellow_terracotta":8,"minecraft:gold_ingot":24,"minecraft:glow_berries":8,"minecraft:rail":1,"minecraft:wet_sponge":5,"minecraft:golden_carrot":7,"minecraft:glow_ink_sac":3,"minecraft:salmon":3,"minecraft:leather":4,"minecraft:music_disc_stal":1,"minecraft:mushroom_stew":15,"minecraft:oak_log":723,"minecraft:golden_boots":1,"minecraft:gunpowder":3,"minecraft:paper":7,"minecraft:orange_terracotta":18,"minecraft:coast_armor_trim_smithing_template":1,"minecraft:apple":17,"minecraft:kelp":2,"minecraft:red_sandstone":11,"minecraft:spore_blossom":8,"minecraft:music_disc_far":1,"minecraft:iron_ingot":2,"minecraft:oak_fence_gate":2,"minecraft:stone_pickaxe":23,"minecraft:blade_pottery_sherd":8,"minecraft:iron_sword":15,"minecraft:flowering_azalea":2,"minecraft:book":3,"minecraft:oak_slab":1454,"minecraft:smooth_basalt":35,"minecraft:birch_boat":4,"minecraft:pumpkin":10,"minecraft:sculk":14,"minecraft:budding_amethyst":2,"minecraft:dripstone_block":48,"minecraft:spyglass":1,"minecraft:raw_iron_block":1,"minecraft:gravel":88,"minecraft:dead_fire_coral_block":13,"minecraft:amethyst_shard":16,"minecraft:spruce_sapling":8,"minecraft:spruce_log":33,"minecraft:spider_eye":4,"minecraft:archer_pottery_sherd":5,"minecraft:brewer_pottery_sherd":3,"minecraft:music_disc_mall":2,"minecraft:diamond_shovel":6,"minecraft:pumpkin_seeds":16,"minecraft:dried_kelp_block":11,"minecraft:slime_ball":3,"minecraft:snort_pottery_sherd":14,"minecraft:stone_axe":13,"minecraft:tide_armor_trim_smithing_template":2,"minecraft:dead_bubble_coral_block":8,"minecraft:iron_helmet":10,"minecraft:scute":2,"minecraft:terracotta":29,"minecraft:melon_seeds":5,"minecraft:coal":118,"minecraft:hopper":1},"minecraft:custom":{"minecraft:interact_with_crafting_table":95,"minecraft:leave_game":31,"minecraft:time_since_death":2444,"minecraft:damage_resisted":2890,"minecraft:sprint_one_cm":1090362,"minecraft:drop":115,"minecraft:play_time":496171,"minecraft:deaths":41,"minecraft:jump":3680,"minecraft:walk_on_water_one_cm":4856,"minecraft:interact_with_furnace":21,"minecraft:sleep_in_bed":16,"minecraft:damage_dealt":24621,"minecraft:player_kills":4,"minecraft:crouch_one_cm":329104,"minecraft:horse_one_cm":267,"minecraft:mob_kills":95,"minecraft:damage_dealt_resisted":801,"minecraft:walk_one_cm":1245633,"minecraft:sneak_time":68317,"minecraft:walk_under_water_one_cm":13395,"minecraft:boat_one_cm":805,"minecraft:total_world_time":496171,"minecraft:time_since_rest":154,"minecraft:damage_taken":30125667,"minecraft:fly_one_cm":930288,"minecraft:open_chest":883,"minecraft:fall_one_cm":134787},"minecraft:broken":{"minecraft:wooden_shovel":6,"minecraft:stone_pickaxe":4,"minecraft:stone_axe":1,"minecraft:wooden_axe":2,"minecraft:golden_chestplate":1,"minecraft:leather_chestplate":1,"minecraft:wooden_pickaxe":1,"minecraft:iron_axe":1,"minecraft:iron_helmet":1}},"DataVersion":3465}