{"stats":{"minecraft:killed_by":{"the_silence:the_silence_principal":2,"john_mod_reborn:feral_baby_john_2":1,"sanitydim:rotting_stalker":3,"bwrtherain:vapor":3,"minecraft:player":4,"apollyon:the_damned":2},"minecraft:killed":{"john_mod_reborn:baby_john":12,"john_mod_reborn:john":3,"minecraft:spider":12,"minecraft:dolphin":1,"minecraft:skeleton":18,"minecraft:guardian":2,"john_mod_reborn:sprinting_john":1,"minecraft:fox":2,"minecraft:chicken":3,"minecraft:tropical_fish":1,"minecraft:creeper":18,"minecraft:goat":4,"minecraft:zombie":24,"minecraft:stray":1,"apollyon:the_damned":1,"minecraft:drowned":1,"john_mod_reborn:baby_john_pack_lead":4,"endofherobrine:villager":1,"minecraft:polar_bear":1,"john_mod_reborn:feral_baby_john_2":3,"minecraft:wither_skeleton":1,"john_mod_reborn:feral_baby_john_1":5},"minecraft:crafted":{"minecraft:oak_planks":64,"minecraft:birch_boat":4,"minecraft:diamond_leggings":1,"minecraft:iron_boots":2,"improvableskills:skills_book":1,"minecraft:golden_boots":1,"minecraft:cooked_porkchop":4,"minecraft:crafting_table":5,"minecraft:spruce_planks":256,"minecraft:iron_helmet":2,"minecraft:brown_bed":2,"minecraft:birch_planks":40,"minecraft:book":1,"minecraft:iron_chestplate":4,"minecraft:wooden_hoe":2,"minecraft:diamond_pickaxe":1,"minecraft:golden_leggings":2,"minecraft:shield":2,"minecraft:stick":72,"minecraft:iron_ingot":114,"minecraft:iron_pickaxe":6,"minecraft:snow_block":6,"minecraft:gold_ingot":81,"minecraft:shears":2,"minecraft:raw_iron":18,"minecraft:jukebox":1,"minecraft:golden_chestplate":2,"minecraft:diamond_hoe":1,"minecraft:furnace":2,"minecraft:bone_meal":57,"minecraft:spruce_fence":48,"minecraft:spruce_stairs":68,"minecraft:iron_axe":9,"minecraft:stone_pickaxe":2,"minecraft:spruce_boat":1,"minecraft:dark_oak_planks":36,"minecraft:golden_helmet":2,"minecraft:cooked_beef":6,"minecraft:iron_sword":2,"minecraft:bowl":20,"minecraft:stone_axe":2,"minecraft:bread":5,"minecraft:air":0,"minecraft:golden_apple":1,"minecraft:raw_gold":45,"minecraft:iron_shovel":4,"minecraft:iron_leggings":1,"minecraft:torch":4},"minecraft:used":{"minecraft:moss_block":30,"minecraft:iron_shovel":340,"minecraft:chest":27,"minecraft:white_terracotta":2,"minecraft:iron_sword":306,"minecraft:rotten_flesh":7,"minecraft:iron_chestplate":4,"minecraft:tuff":24,"minecraft:axolotl_bucket":5,"minecraft:snowball":25,"minecraft:milk_bucket":1,"minecraft:spruce_boat":3,"minecraft:iron_helmet":2,"minecraft:sweet_berries":1,"minecraft:oak_sapling":4,"minecraft:furnace":2,"minecraft:egg":2,"minecraft:potato":2,"minecraft:golden_boots":2,"minecraft:diorite":4,"minecraft:oak_planks":4,"minecraft:stone_pickaxe":114,"minecraft:wooden_pickaxe":8,"minecraft:sandstone":3,"minecraft:sugar_cane":3,"minecraft:mushroom_stew":119,"minecraft:sponge":1,"minecraft:dripstone_block":15,"minecraft:shears":24,"minecraft:birch_fence":11,"minecraft:melon_slice":2,"minecraft:birch_slab":1,"minecraft:bread":5,"minecraft:gravel":1,"minecraft:golden_helmet":4,"minecraft:pufferfish":1,"minecraft:wooden_sword":35,"minecraft:andesite":3,"minecraft:ice":1,"minecraft:tropical_fish_bucket":7,"minecraft:bone_meal":72,"minecraft:oak_fence":27,"minecraft:oak_trapdoor":2,"minecraft:tropical_fish":1,"minecraft:spruce_planks":43,"minecraft:wither_skeleton_spawn_egg":1,"minecraft:music_disc_5":1,"minecraft:oak_door":1,"minecraft:torch":17,"minecraft:dirt":98,"minecraft:spyglass":4,"minecraft:hopper":1,"minecraft:prismarine_bricks":4,"minecraft:spruce_stairs":57,"minecraft:golden_chestplate":1,"minecraft:granite":3,"minecraft:spruce_fence":38,"minecraft:dead_brain_coral_block":3,"minecraft:oak_fence_gate":1,"minecraft:dark_oak_planks":19,"minecraft:flowering_azalea":2,"minecraft:rooted_dirt":1,"minecraft:iron_axe":353,"minecraft:cooked_beef":1,"minecraft:cobbled_deepslate":39,"minecraft:powder_snow_bucket":2,"minecraft:brown_bed":7,"minecraft:iron_leggings":2,"minecraft:calcite":3,"minecraft:wheat_seeds":108,"minecraft:water_bucket":23,"minecraft:amethyst_block":2,"minecraft:snow_block":6,"minecraft:birch_planks":8,"minecraft:birch_boat":6,"minecraft:deepslate_bricks":13,"minecraft:oak_slab":54,"minecraft:crafting_table":5,"minecraft:cod":2,"minecraft:oak_log":1,"minecraft:wooden_hoe":65,"minecraft:diamond_pickaxe":781,"minecraft:apple":10,"minecraft:chicken":1,"minecraft:iron_pickaxe":950,"minecraft:spruce_sapling":5,"minecraft:golden_leggings":3,"minecraft:stone_axe":101,"minecraft:cobblestone":20,"minecraft:cooked_porkchop":2,"minecraft:bucket":39,"minecraft:wither_rose":2,"minecraft:dandelion":1,"minecraft:diamond_leggings":4,"minecraft:jukebox":1,"minecraft:candle":10},"minecraft:dropped":{"minecraft:iron_sword":2,"minecraft:moss_block":23,"minecraft:birch_planks":1,"minecraft:lapis_lazuli":61,"minecraft:cooked_beef":3,"minecraft:oak_log":65,"minecraft:glow_ink_sac":1,"minecraft:diamond":2,"minecraft:spore_blossom":1,"minecraft:dark_oak_sapling":3,"minecraft:rooted_dirt":10,"minecraft:sheaf_pottery_sherd":13,"minecraft:birch_slab":1,"minecraft:cod":5,"minecraft:cyan_terracotta":4,"minecraft:dirt":13,"minecraft:dark_oak_log":4,"minecraft:birch_fence":1,"minecraft:raw_copper_block":3,"minecraft:snowball":72,"minecraft:wooden_sword":2,"minecraft:amethyst_shard":8,"minecraft:wet_sponge":2,"minecraft:bone_meal":8,"minecraft:sand":22,"minecraft:iron_pickaxe":1,"minecraft:birch_log":2,"minecraft:bone":3,"minecraft:gold_ingot":22,"minecraft:gravel":21,"minecraft:stone_axe":1,"minecraft:spyglass":1,"minecraft:golden_chestplate":1,"minecraft:cobbled_deepslate":35,"minecraft:pink_dye":5,"minecraft:pointed_dripstone":2,"minecraft:rotten_flesh":10,"minecraft:oak_planks":1,"minecraft:diamond_shovel":1,"minecraft:prismarine":21,"minecraft:dead_fire_coral_block":1,"minecraft:leather_chestplate":2,"minecraft:deepslate_tiles":7,"minecraft:gunpowder":7,"minecraft:beetroot_seeds":2,"minecraft:horn_coral_fan":2,"minecraft:blade_pottery_sherd":6,"minecraft:leather_boots":2,"minecraft:chainmail_boots":1,"minecraft:chest":9,"minecraft:arrow":5,"minecraft:oak_leaves":22,"minecraft:dead_tube_coral_block":3,"minecraft:golden_boots":1,"minecraft:iron_ingot":2,"minecraft:oak_slab":67,"minecraft:wheat_seeds":52,"minecraft:golden_helmet":1,"minecraft:mourner_pottery_sherd":14,"minecraft:dripstone_block":61,"minecraft:prismarine_crystals":42,"minecraft:iron_helmet":1,"minecraft:oak_fence":3,"minecraft:feather":8,"minecraft:cobblestone":6,"minecraft:amethyst_block":30,"john_mod_reborn:freed_spirit":4,"minecraft:granite":13,"minecraft:explorer_pottery_sherd":5,"minecraft:copper_ingot":2,"minecraft:tropical_fish":8,"minecraft:acacia_log":1,"minecraft:coal":25,"minecraft:pufferfish":1,"minecraft:stick":9,"minecraft:diorite":24,"minecraft:golden_carrot":2,"minecraft:ink_sac":2,"minecraft:sponge":1,"minecraft:wooden_hoe":3,"minecraft:torch":4,"minecraft:melon_slice":5,"minecraft:brown_wool":1,"minecraft:iron_axe":7,"minecraft:iron_shovel":1,"minecraft:string":6,"minecraft:spruce_sapling":3,"minecraft:smooth_basalt":13,"minecraft:blue_terracotta":5,"minecraft:sweet_berries":2,"minecraft:green_terracotta":12,"minecraft:raw_copper":149,"minecraft:bowl":10,"minecraft:light_gray_terracotta":17,"minecraft:tuff":29,"minecraft:diamond_hoe":1,"minecraft:raw_iron":14,"minecraft:dead_bubble_coral_block":9,"minecraft:clay_ball":64,"minecraft:iron_boots":1,"improvableskills:skills_book":2,"minecraft:white_terracotta":2,"minecraft:budding_amethyst":2,"minecraft:shears":1,"minecraft:deepslate_bricks":3,"minecraft:diamond_sword":1,"minecraft:big_dripleaf":6,"minecraft:peony":2,"minecraft:howl_pottery_sherd":9,"minecraft:iron_chestplate":4,"minecraft:diamond_pickaxe":1,"minecraft:andesite":23,"minecraft:fire_coral":2,"minecraft:golden_leggings":1,"minecraft:oak_sapling":14,"minecraft:small_dripleaf":3,"minecraft:spider_eye":3,"minecraft:sandstone":1,"minecraft:bow":3,"minecraft:magenta_dye":4,"minecraft:stone_pickaxe":6,"minecraft:wooden_pickaxe":1,"minecraft:raw_gold":5,"minecraft:dead_brain_coral_block":2,"minecraft:calcite":21,"minecraft:dark_prismarine":9,"minecraft:heartbreak_pottery_sherd":22,"minecraft:terracotta":4},"minecraft:picked_up":{"minecraft:iron_chestplate":5,"minecraft:music_disc_strad":1,"minecraft:wheat":96,"minecraft:chainmail_boots":1,"minecraft:prismarine_shard":1,"minecraft:diamond_sword":1,"minecraft:brown_bed":5,"minecraft:wither_rose":2,"minecraft:turtle_egg":1,"minecraft:amethyst_block":89,"minecraft:string":16,"minecraft:dead_tube_coral_block":3,"minecraft:raw_copper":417,"minecraft:explorer_pottery_sherd":5,"minecraft:iron_leggings":1,"john_mod_reborn:freed_spirit":5,"minecraft:pufferfish":4,"minecraft:diamond_leggings":4,"minecraft:deepslate_tiles":74,"minecraft:cobbled_deepslate":209,"minecraft:bucket":1,"minecraft:spruce_planks":56,"minecraft:calcite":70,"minecraft:azalea":1,"minecraft:wooden_shovel":2,"minecraft:iron_pickaxe":8,"minecraft:melon_slice":7,"minecraft:iron_boots":1,"minecraft:tipped_arrow":3,"minecraft:golden_helmet":11,"minecraft:stick":54,"minecraft:sheaf_pottery_sherd":16,"minecraft:big_dripleaf":6,"minecraft:oak_fence":11,"minecraft:torch":29,"minecraft:acacia_log":6,"minecraft:spruce_stairs":17,"minecraft:snow_block":2,"minecraft:pointed_dripstone":2,"minecraft:diorite":67,"minecraft:green_terracotta":12,"minecraft:rabbit_foot":1,"minecraft:shaper_armor_trim_smithing_template":1,"minecraft:horn_coral_fan":5,"minecraft:rotten_flesh":30,"minecraft:tropical_fish":8,"minecraft:cow_spawn_egg":1,"minecraft:music_disc_ward":1,"minecraft:cyan_terracotta":6,"minecraft:white_terracotta":6,"minecraft:cod":10,"minecraft:snowball":246,"minecraft:cobblestone":245,"minecraft:sponge":7,"minecraft:birch_log":10,"minecraft:leather_chestplate":2,"minecraft:feather":17,"minecraft:birch_slab":3,"minecraft:water_bucket":5,"minecraft:andesite":39,"minecraft:brown_wool":7,"minecraft:golden_leggings":10,"minecraft:powder_snow_bucket":5,"minecraft:potato":4,"minecraft:magenta_dye":4,"minecraft:flint":2,"minecraft:tuff":90,"minecraft:prismarine_bricks":56,"minecraft:lapis_lazuli":480,"minecraft:dirt":204,"minecraft:leather_boots":5,"minecraft:bone":34,"minecraft:bow":3,"minecraft:wheat_seeds":169,"minecraft:small_dripleaf":3,"minecraft:raw_gold":66,"minecraft:moss_block":118,"minecraft:prismarine":36,"minecraft:oak_planks":54,"minecraft:glow_lichen":2,"minecraft:cooked_porkchop":3,"minecraft:sand":44,"minecraft:ink_sac":4,"minecraft:dark_oak_log":38,"minecraft:dark_prismarine":24,"minecraft:light_gray_terracotta":17,"minecraft:blue_terracotta":5,"minecraft:diamond":24,"minecraft:spruce_boat":2,"improvableskills:skills_book":1,"minecraft:dead_brain_coral_block":5,"minecraft:granite":44,"minecraft:bone_meal":15,"minecraft:golden_apple":1,"minecraft:rooted_dirt":43,"minecraft:oak_sapling":22,"minecraft:oak_leaves":22,"minecraft:diamond_pickaxe":6,"minecraft:music_disc_5":1,"minecraft:chicken":4,"john_mod_reborn:immortalitygem":1,"minecraft:clay_ball":164,"minecraft:mourner_pottery_sherd":14,"minecraft:shield":6,"minecraft:fire_coral":2,"minecraft:oak_trapdoor":14,"minecraft:iron_axe":10,"minecraft:wooden_sword":1,"minecraft:iron_shovel":15,"minecraft:birch_fence":12,"minecraft:candle":9,"minecraft:sugar_cane":6,"minecraft:chest":43,"minecraft:birch_sapling":3,"minecraft:raw_copper_block":3,"minecraft:egg":4,"minecraft:dark_oak_sapling":15,"minecraft:raw_iron":87,"minecraft:sandstone":4,"minecraft:raw_gold_block":3,"minecraft:oak_door":1,"minecraft:copper_ingot":3,"minecraft:bowl":3,"minecraft:amethyst_cluster":3,"minecraft:spruce_fence":29,"minecraft:redstone":2,"minecraft:prismarine_crystals":81,"minecraft:dark_oak_planks":18,"minecraft:howl_pottery_sherd":12,"minecraft:arrow":30,"minecraft:beetroot_seeds":2,"minecraft:peony":2,"minecraft:shears":2,"minecraft:deepslate_bricks":116,"minecraft:gold_ingot":6,"minecraft:glow_berries":2,"minecraft:oxeye_daisy":4,"minecraft:heartbreak_pottery_sherd":29,"minecraft:wet_sponge":4,"minecraft:golden_carrot":8,"minecraft:glow_ink_sac":1,"minecraft:leather":7,"minecraft:music_disc_stal":1,"minecraft:birch_planks":9,"minecraft:mushroom_stew":10,"minecraft:oak_log":134,"minecraft:lily_pad":3,"minecraft:golden_boots":8,"minecraft:gunpowder":20,"minecraft:wooden_hoe":1,"minecraft:paper":5,"minecraft:apple":3,"minecraft:kelp":1,"minecraft:spore_blossom":1,"minecraft:iron_ingot":21,"minecraft:oak_fence_gate":1,"minecraft:stone_pickaxe":3,"minecraft:blade_pottery_sherd":12,"minecraft:iron_sword":8,"minecraft:flowering_azalea":2,"minecraft:book":1,"minecraft:tropical_fish_bucket":1,"minecraft:oak_slab":119,"minecraft:smooth_basalt":34,"minecraft:birch_boat":7,"minecraft:pumpkin":5,"minecraft:sweet_berries":1,"minecraft:budding_amethyst":3,"minecraft:dandelion":6,"minecraft:raw_iron_block":2,"minecraft:dripstone_block":82,"minecraft:gravel":44,"minecraft:dead_fire_coral_block":1,"minecraft:amethyst_shard":8,"minecraft:spruce_sapling":12,"minecraft:spruce_log":57,"minecraft:spider_eye":3,"minecraft:diamond_shovel":1,"minecraft:dried_kelp_block":2,"minecraft:stone_axe":7,"minecraft:dead_bubble_coral_block":12,"minecraft:iron_helmet":3,"minecraft:scute":1,"minecraft:terracotta":10,"minecraft:mangrove_propagule":1,"minecraft:coal":96,"minecraft:pink_dye":7,"minecraft:sunflower":5},"minecraft:mined":{"minecraft:dark_oak_planks":6,"minecraft:spruce_planks":1,"minecraft:granite":33,"minecraft:budding_amethyst":26,"minecraft:red_sand":5,"minecraft:acacia_log":8,"minecraft:grass_block":106,"minecraft:deepslate_bricks":108,"minecraft:bubble_coral_block":4,"minecraft:tube_coral_block":5,"minecraft:raw_iron_block":2,"minecraft:iron_ore":29,"minecraft:fire":4,"minecraft:cobbled_deepslate":11,"minecraft:pumpkin":4,"minecraft:deepslate_lapis_ore":39,"minecraft:brown_bed":5,"minecraft:brain_coral_block":4,"minecraft:cyan_terracotta":3,"minecraft:orange_terracotta":1,"minecraft:powder_snow":3,"minecraft:clay":26,"minecraft:torch":3,"minecraft:light_gray_terracotta":13,"minecraft:calcite":68,"minecraft:melon":1,"minecraft:chest":35,"minecraft:cobblestone":7,"minecraft:oak_planks":1,"minecraft:sugar_cane":4,"minecraft:prismarine":31,"minecraft:wall_torch":1,"minecraft:amethyst_block":85,"minecraft:deepslate_copper_ore":42,"minecraft:white_terracotta":7,"minecraft:blue_terracotta":8,"minecraft:birch_log":9,"minecraft:wheat":49,"minecraft:blue_ice":10,"minecraft:grass":11,"minecraft:oak_log":53,"minecraft:oak_fence_gate":1,"minecraft:sand":20,"minecraft:dirt":20,"minecraft:smooth_basalt":30,"minecraft:raw_copper_block":3,"minecraft:oak_leaves":35,"minecraft:horn_coral_block":5,"minecraft:deepslate":180,"minecraft:suspicious_gravel":77,"minecraft:yellow_terracotta":2,"minecraft:dark_prismarine":22,"minecraft:deepslate_tiles":52,"minecraft:diamond_ore":8,"minecraft:tuff":85,"the_knocker:deadcow":1,"minecraft:deepslate_diamond_ore":11,"minecraft:oak_door":1,"minecraft:dark_oak_log":41,"minecraft:sea_lantern":8,"minecraft:spruce_fence":2,"minecraft:moss_block":117,"minecraft:rooted_dirt":32,"minecraft:sandstone":9,"minecraft:oak_trapdoor":4,"minecraft:spruce_sapling":2,"minecraft:raw_gold_block":4,"minecraft:snow":31,"minecraft:suspicious_sand":2,"minecraft:andesite":30,"minecraft:green_terracotta":11,"minecraft:dead_horn_coral_block":1,"minecraft:deepslate_iron_ore":49,"minecraft:packed_ice":8,"minecraft:stone":128,"minecraft:fire_coral_block":1,"minecraft:podzol":7,"minecraft:oak_slab":16,"minecraft:snow_block":37,"minecraft:dandelion":2,"minecraft:oak_fence":11,"minecraft:sponge":8,"minecraft:copper_ore":66,"minecraft:tall_grass":5,"minecraft:deepslate_coal_ore":34,"minecraft:dried_kelp_block":3,"minecraft:lapis_ore":16,"minecraft:deepslate_gold_ore":36,"minecraft:diorite":51,"minecraft:prismarine_bricks":50,"minecraft:spruce_stairs":1,"minecraft:spruce_log":37,"minecraft:ice":1,"minecraft:dead_brain_coral_block":1,"minecraft:coal_ore":29,"minecraft:gravel":41,"minecraft:dripstone_block":77,"minecraft:terracotta":7,"minecraft:gold_ore":12,"minecraft:birch_fence":12},"minecraft:custom":{"minecraft:animals_bred":15,"minecraft:interact_with_crafting_table":103,"minecraft:leave_game":33,"minecraft:time_since_death":2955,"minecraft:damage_resisted":4020,"minecraft:sprint_one_cm":945149,"minecraft:drop":352,"minecraft:play_time":345340,"minecraft:deaths":24,"minecraft:jump":3212,"minecraft:walk_on_water_one_cm":3579,"minecraft:interact_with_furnace":107,"minecraft:play_record":1,"minecraft:sleep_in_bed":22,"minecraft:damage_dealt":32670,"minecraft:player_kills":4,"minecraft:crouch_one_cm":126969,"minecraft:horse_one_cm":70,"minecraft:mob_kills":125,"minecraft:inspect_hopper":2,"minecraft:damage_dealt_resisted":707,"minecraft:walk_one_cm":1043788,"minecraft:sneak_time":18685,"minecraft:walk_under_water_one_cm":4739,"minecraft:boat_one_cm":25354,"minecraft:total_world_time":345340,"minecraft:time_since_rest":744,"minecraft:damage_taken":30017761,"minecraft:swim_one_cm":47,"minecraft:fly_one_cm":720506,"minecraft:open_chest":515,"minecraft:fall_one_cm":124073},"minecraft:broken":{"minecraft:golden_helmet":1,"minecraft:iron_sword":1,"minecraft:iron_axe":1,"minecraft:iron_pickaxe":2}},"DataVersion":3465}